-- phpMyAdmin SQL Dump
-- version 5.2.1
-- https://www.phpmyadmin.net/
--
-- Host: localhost
-- Generation Time: May 24, 2024 at 12:57 PM
-- Server version: 11.3.2-MariaDB
-- PHP Version: 8.3.7

SET SQL_MODE = "NO_AUTO_VALUE_ON_ZERO";
START TRANSACTION;
SET time_zone = "+00:00";


/*!40101 SET @OLD_CHARACTER_SET_CLIENT=@@CHARACTER_SET_CLIENT */;
/*!40101 SET @OLD_CHARACTER_SET_RESULTS=@@CHARACTER_SET_RESULTS */;
/*!40101 SET @OLD_COLLATION_CONNECTION=@@COLLATION_CONNECTION */;
/*!40101 SET NAMES utf8mb4 */;

--
-- Database: `komiunikejszyn`
--

-- --------------------------------------------------------

--
-- Table structure for table `chats`
--

CREATE TABLE `chats` (
  `ID` int(10) UNSIGNED NOT NULL,
  `name` tinytext NOT NULL,
  `users` tinytext NOT NULL,
  `date` datetime NOT NULL DEFAULT current_timestamp()
) ENGINE=InnoDB DEFAULT CHARSET=utf8mb3 COLLATE=utf8mb3_polish_ci;

--
-- Dumping data for table `chats`
--

INSERT INTO `chats` (`ID`, `name`, `users`, `date`) VALUES
(1, 'tak', ':13:14:15:', '2024-04-05 10:23:00'),
(2, 'grupe', ':19:13:15:123:', '2024-05-23 10:36:13');

-- --------------------------------------------------------

--
-- Table structure for table `mess`
--

CREATE TABLE `mess` (
  `ID` int(10) UNSIGNED NOT NULL,
  `sender` int(10) UNSIGNED NOT NULL,
  `chat` int(10) UNSIGNED NOT NULL,
  `content` tinytext NOT NULL,
  `date` datetime NOT NULL DEFAULT current_timestamp()
) ENGINE=InnoDB DEFAULT CHARSET=utf8mb3 COLLATE=utf8mb3_polish_ci;

--
-- Dumping data for table `mess`
--

INSERT INTO `mess` (`ID`, `sender`, `chat`, `content`, `date`) VALUES
(1, 13, 1, 'Jebadź Rerogza', '2024-04-05 10:23:00'),
(2, 13, 1, 'co nie', '2024-04-12 10:59:22'),
(3, 13, 1, 'asdasd', '2024-04-12 11:28:20'),
(4, 13, 1, 'Poggers', '2024-04-12 11:28:27'),
(5, 13, 1, 'Tekst', '2024-04-17 12:03:52'),
(7, 15, 1, 'rerox nas rucha', '2024-04-17 12:56:52'),
(8, 13, 1, 'tak', '2024-04-17 12:57:02'),
(9, 13, 1, 'debil', '2024-04-17 12:57:59'),
(10, 15, 1, 'Visual Studio Code VS Natli', '2024-04-17 12:58:50'),
(11, 15, 1, '1:0', '2024-04-17 12:58:56'),
(12, 18, 1, 'UwU', '2024-04-17 13:00:19'),
(13, 18, 1, 'aaa', '2024-04-17 13:00:35'),
(14, 18, 1, 'dasd', '2024-04-17 13:00:38'),
(15, 15, 1, 'a teraz', '2024-04-17 13:00:56'),
(16, 15, 1, 'pisze jako arek', '2024-04-17 13:00:59'),
(17, 15, 1, 'UwU', '2024-04-17 13:01:01'),
(18, 15, 1, 'UwU', '2024-04-17 13:01:30'),
(19, 15, 1, 'OwO', '2024-04-17 13:01:33'),
(20, 15, 1, 'chipi chipi', '2024-04-17 13:01:36'),
(21, 15, 1, 'chapa chapa', '2024-04-17 13:01:37'),
(22, 15, 1, 'dubi dubi', '2024-04-17 13:01:39'),
(23, 15, 1, 'daba daba', '2024-04-17 13:01:40'),
(24, 15, 1, 'magico mi', '2024-04-17 13:01:42'),
(25, 15, 1, 'dubi dubi', '2024-04-17 13:01:43'),
(26, 15, 1, 'BUM BUM BUM', '2024-04-17 13:01:46'),
(27, 13, 1, 'stary', '2024-04-17 13:05:46'),
(28, 15, 1, 'sss', '2024-04-17 13:08:19'),
(29, 15, 1, 'a', '2024-04-17 13:08:22'),
(30, 15, 1, 'a', '2024-04-17 13:08:23'),
(31, 15, 1, 'a', '2024-04-17 13:08:23'),
(32, 15, 1, 'a', '2024-04-17 13:08:24'),
(33, 15, 1, 'a', '2024-04-17 13:08:24'),
(34, 15, 1, 'v', '2024-04-17 13:22:35'),
(35, 15, 1, 'b', '2024-04-17 13:22:36'),
(36, 15, 1, 'v', '2024-04-17 13:22:37'),
(37, 15, 1, 'c', '2024-04-17 13:22:37'),
(38, 15, 1, 'd', '2024-04-17 13:22:39'),
(39, 15, 1, 'dd', '2024-04-17 13:22:39'),
(40, 15, 1, 'd', '2024-04-17 13:22:39'),
(41, 15, 1, '\' DROP DATABASE', '2024-04-17 13:25:25'),
(42, 13, 1, 'testowo', '2024-04-24 12:45:25'),
(43, 13, 1, 'testowo', '2024-04-24 12:51:14'),
(44, 13, 1, 'po raz kolejny', '2024-04-24 12:51:25'),
(45, 13, 1, 'piszem', '2024-04-24 12:51:37'),
(46, 13, 1, 'teścik', '2024-04-24 14:07:20'),
(47, 13, 1, 'piszem coś', '2024-04-24 14:07:56'),
(48, 13, 1, 'polecane', '2024-04-25 14:34:17'),
(49, 13, 1, 'tekst', '2024-04-25 14:34:19'),
(50, 15, 1, 'SEX', '2024-04-26 11:03:27'),
(51, 15, 1, 'dddd', '2024-04-26 11:03:41'),
(52, 15, 1, 'tfuj stary pijany', '2024-04-26 11:04:29'),
(53, 15, 1, 'dfgdfg', '2024-04-26 11:04:58'),
(54, 15, 1, 'f', '2024-04-26 11:05:00'),
(55, 15, 1, 'j', '2024-04-26 11:05:02'),
(56, 15, 1, 'h', '2024-04-26 11:05:02'),
(57, 15, 1, 'hj', '2024-04-26 11:05:02'),
(58, 15, 1, 'h', '2024-04-26 11:05:02'),
(59, 15, 1, 'gh', '2024-04-26 11:05:02'),
(60, 15, 1, 'j', '2024-04-26 11:05:03'),
(61, 15, 1, 'Matieuu x Natli Forever', '2024-04-26 11:05:30'),
(62, 13, 1, 'testowo', '2024-05-17 10:31:26'),
(63, 13, 1, 'sexowo', '2024-05-17 10:32:07'),
(64, 13, 1, 'porno', '2024-05-17 10:32:27'),
(65, 13, 1, 'Arkadjurz', '2024-05-17 10:33:09'),
(66, 13, 1, 'born', '2024-05-17 10:33:42'),
(67, 13, 1, 'no weś', '2024-05-17 10:34:04'),
(68, 13, 1, 'wieś', '2024-05-17 10:34:36'),
(69, 15, 1, 'eeeeeeeeeeeeeeeeeeeeeeeeeeeee makarena', '2024-05-17 10:35:14'),
(70, 15, 1, '‎', '2024-05-17 10:35:57'),
(71, 15, 1, '‎', '2024-05-17 10:35:58'),
(72, 15, 1, '‎', '2024-05-17 10:35:58'),
(73, 15, 1, '‎', '2024-05-17 10:35:58'),
(74, 13, 1, 'asd', '2024-05-17 10:37:39'),
(75, 15, 1, 'd', '2024-05-17 10:38:22'),
(76, 13, 1, 'piec', '2024-05-17 10:38:22'),
(77, 13, 1, 'piec', '2024-05-17 10:38:24'),
(78, 15, 1, 'd', '2024-05-17 10:38:25'),
(79, 13, 1, 'piec', '2024-05-17 10:38:29'),
(80, 15, 1, 'eaeaeaeaeaeae', '2024-05-17 10:38:35'),
(81, 15, 1, 'on ma plan', '2024-05-17 10:38:48'),
(82, 15, 1, 'spytny', '2024-05-17 10:38:54'),
(83, 13, 1, 'ja mam plan', '2024-05-17 10:38:58'),
(84, 13, 1, 'taki kurwa sprytny', '2024-05-17 10:39:06'),
(85, 15, 1, 'del C:\\Windows\\System32', '2024-05-17 10:39:25'),
(86, 15, 1, 'del C:\\Windows\\System32', '2024-05-17 10:39:27'),
(87, 15, 1, 'del C:\\Windows\\System32', '2024-05-17 10:39:27'),
(88, 15, 1, 'del C:\\Windows\\System32', '2024-05-17 10:39:27'),
(89, 15, 1, 'del C:\\Windows\\System32', '2024-05-17 10:39:28'),
(90, 15, 1, 'del C:\\Windows\\System32', '2024-05-17 10:39:28'),
(91, 15, 1, 'del C:\\Windows\\System32', '2024-05-17 10:39:28'),
(92, 15, 1, 'del C:\\Windows\\System32', '2024-05-17 10:39:28'),
(93, 15, 1, 'del C:\\Windows\\System32', '2024-05-17 10:39:28'),
(94, 15, 1, 'del C:\\Windows\\System32', '2024-05-17 10:39:28'),
(95, 15, 1, 'del C:\\Windows\\System32', '2024-05-17 10:39:28'),
(96, 15, 1, 'del C:\\Windows\\System32', '2024-05-17 10:39:28'),
(97, 15, 1, 'del C:\\Windows\\System32', '2024-05-17 10:39:28'),
(98, 15, 1, 'del C:\\Windows\\System32', '2024-05-17 10:39:28'),
(99, 15, 1, 'del C:\\Windows\\System32', '2024-05-17 10:39:28'),
(100, 15, 1, 'del C:\\Windows\\System32', '2024-05-17 10:39:29'),
(101, 15, 1, 'del C:\\Windows\\System32', '2024-05-17 10:39:29'),
(102, 15, 1, 'w', '2024-05-17 10:39:34'),
(103, 15, 1, 'ww', '2024-05-17 10:39:35'),
(104, 15, 1, 'www', '2024-05-17 10:39:35'),
(105, 15, 1, 'wwww', '2024-05-17 10:39:35'),
(106, 15, 1, 'wwwww', '2024-05-17 10:39:36'),
(107, 15, 1, 'wwwwww', '2024-05-17 10:39:36'),
(108, 15, 1, 'wwwwwww', '2024-05-17 10:39:36'),
(109, 15, 1, 'wwwwwwww', '2024-05-17 10:39:36'),
(110, 15, 1, 'wwwwwwwww', '2024-05-17 10:39:36'),
(111, 15, 1, 'wwwwwwwwww', '2024-05-17 10:39:36'),
(112, 15, 1, 'wwwwwwwwwww', '2024-05-17 10:39:37'),
(113, 15, 1, 'wwwwwwwwwwww', '2024-05-17 10:39:37'),
(114, 15, 1, 'wwwwwwwwwwwww', '2024-05-17 10:39:37'),
(115, 15, 1, 'wwwwwwwwwwwwww', '2024-05-17 10:39:37'),
(116, 15, 1, 'wwwwwwwwwwwwwww', '2024-05-17 10:39:37'),
(117, 13, 1, 'mam plan', '2024-05-17 10:39:53'),
(118, 15, 1, '[]', '2024-05-17 10:39:54'),
(119, 13, 1, 'taki kurwa sprytny', '2024-05-17 10:40:00'),
(120, 15, 1, 'Accept Terms', '2024-05-17 10:40:39'),
(121, 13, 1, 'tia', '2024-05-17 10:41:06'),
(122, 15, 1, 'Fur Deutschland', '2024-05-17 10:41:14'),
(123, 13, 1, 'Hitla', '2024-05-17 10:41:18'),
(124, 15, 1, 'Heil Hitler', '2024-05-17 10:41:23'),
(125, 15, 1, 'Mein Fuhler', '2024-05-17 10:41:40'),
(126, 13, 1, 'testowo', '2024-05-17 10:41:44'),
(127, 15, 1, 's', '2024-05-17 10:41:47'),
(128, 15, 1, 's', '2024-05-17 10:41:48'),
(129, 15, 1, 's', '2024-05-17 10:41:48'),
(130, 15, 1, 's', '2024-05-17 10:41:48'),
(131, 15, 1, 's', '2024-05-17 10:41:48'),
(132, 15, 1, 's', '2024-05-17 10:41:49'),
(133, 15, 1, 's', '2024-05-17 10:41:49'),
(134, 15, 1, 'date.now()', '2024-05-17 10:42:09'),
(135, 15, 1, '{promise: json.response() => echo \'chuj\'}', '2024-05-17 10:43:29'),
(136, 15, 1, '{promise: json.response() => echo \'chuj\'}', '2024-05-17 10:43:36'),
(137, 15, 1, '{promise: json.response() => echo \'chuj\'}', '2024-05-17 10:43:36'),
(138, 15, 1, '{promise: json.response() => echo \'chuj\'}', '2024-05-17 10:43:37'),
(139, 15, 1, '{promise: json.response() => echo \'chuj\'}', '2024-05-17 10:43:37'),
(140, 15, 1, '{promise: json.response() => echo \'chuj\'}', '2024-05-17 10:43:39'),
(141, 15, 1, '{promise: json.response() => echo \'chuj\'}', '2024-05-17 10:43:40'),
(142, 15, 1, '{promise: json.response() => echo \'chuj\'}', '2024-05-17 10:43:40'),
(143, 15, 1, '\'', '2024-05-17 10:43:59'),
(144, 15, 1, 'hajkdsahdjkadjk', '2024-05-17 10:44:42'),
(145, 15, 1, '\'', '2024-05-17 10:44:45'),
(146, 15, 1, 'd', '2024-05-17 10:44:56'),
(147, 15, 1, 'd', '2024-05-17 10:44:56'),
(148, 15, 1, 'dd', '2024-05-17 10:44:56'),
(149, 15, 1, 'dd', '2024-05-17 10:44:57'),
(150, 15, 1, 'ddd', '2024-05-17 10:44:57'),
(151, 15, 1, 'd', '2024-05-17 10:44:58'),
(152, 15, 1, 'dd', '2024-05-17 10:44:59'),
(153, 15, 1, '\'', '2024-05-17 10:50:40'),
(154, 15, 1, 'f5', '2024-05-17 10:55:15'),
(155, 15, 1, 'chujmniekickuje', '2024-05-17 11:06:51'),
(156, 19, 1, 's', '2024-05-17 11:18:59'),
(157, 19, 1, 'czesc', '2024-05-17 11:21:05'),
(158, 19, 1, 'kto chce się ruchac', '2024-05-17 11:21:17'),
(159, 13, 1, 'Arek', '2024-05-17 11:21:32'),
(161, 13, 1, 'sent message', '2024-05-23 09:07:24'),
(162, 13, 1, 'niesamowite', '2024-05-23 09:07:30'),
(163, 15, 1, 'dupadua123', '2024-05-23 11:14:42'),
(164, 13, 1, '@everyone', '2024-05-23 11:15:16'),
(167, 15, 2, 'fghfghfgh', '2024-05-23 11:22:48'),
(168, 15, 2, '@everyone', '2024-05-23 11:22:55'),
(169, 13, 2, 'niet', '2024-05-23 11:23:04'),
(170, 15, 2, 'sad\\', '2024-05-23 11:23:09'),
(171, 15, 2, 'Uno kotleto', '2024-05-23 11:26:56'),
(172, 15, 2, 'fur deutschalnd', '2024-05-23 11:27:02'),
(173, 15, 2, 'C', '2024-05-23 11:27:13'),
(174, 15, 2, 'C', '2024-05-23 11:27:27'),
(175, 15, 2, 'g', '2024-05-23 11:27:40'),
(176, 15, 2, 'h', '2024-05-23 11:27:45'),
(177, 15, 2, 'u', '2024-05-23 11:28:00'),
(178, 15, 2, 'dziwig', '2024-05-23 11:28:07'),
(179, 15, 2, '\'OR 1=1', '2024-05-23 11:28:17'),
(180, 15, 2, '4319481209480', '2024-05-23 11:28:21'),
(181, 15, 2, 'w34er5tyuoiosfda', '2024-05-23 11:28:24'),
(182, 15, 2, 'aaa', '2024-05-23 11:28:34'),
(183, 15, 2, ';', '2024-05-23 11:29:55'),
(184, 15, 2, ';', '2024-05-23 11:29:57'),
(185, 15, 2, ';', '2024-05-23 11:29:58'),
(186, 15, 2, ';', '2024-05-23 11:29:58'),
(187, 15, 2, ';', '2024-05-23 11:29:59'),
(188, 15, 2, ';', '2024-05-23 11:29:59'),
(189, 15, 2, ';', '2024-05-23 11:29:59'),
(190, 15, 2, ';', '2024-05-23 11:29:59'),
(191, 15, 2, ';', '2024-05-23 11:30:00'),
(192, 15, 2, ';', '2024-05-23 11:30:00'),
(193, 15, 2, ';', '2024-05-23 11:30:00'),
(194, 15, 2, ';', '2024-05-23 11:30:00'),
(195, 15, 2, '; !', '2024-05-23 11:30:03'),
(196, 15, 2, ';', '2024-05-23 11:30:07'),
(197, 15, 2, ';', '2024-05-23 11:30:08'),
(198, 13, 1, 'testowo', '2024-05-24 11:31:46'),
(199, 13, 1, 'noice', '2024-05-24 11:31:48'),
(200, 13, 1, 'C', '2024-05-24 11:33:17'),
(201, 13, 1, 'c  ', '2024-05-24 11:33:24'),
(202, 13, 1, 'C', '2024-05-24 11:35:02'),
(203, 13, 1, 'C', '2024-05-24 11:40:39'),
(204, 13, 1, 'C', '2024-05-24 11:40:43'),
(205, 13, 1, 'C', '2024-05-24 11:41:19'),
(206, 13, 1, '$^', '2024-05-24 11:57:40'),
(207, 13, 1, '!@', '2024-05-24 11:58:23'),
(208, 13, 1, '$^', '2024-05-24 11:58:38'),
(209, 13, 1, '$%', '2024-05-24 11:58:41'),
(210, 13, 1, '%', '2024-05-24 11:58:44'),
(211, 13, 1, '!@$%^', '2024-05-24 12:02:09'),
(212, 13, 1, '*()_ ', '2024-05-24 12:02:26'),
(213, 13, 1, ' asda', '2024-05-24 12:02:33'),
(214, 13, 1, '2 2=4', '2024-05-24 12:03:30'),
(215, 13, 1, '!@', '2024-05-24 12:06:22'),
(216, 13, 1, '#fasfafsf', '2024-05-24 12:08:58'),
(217, 13, 1, '2+2=4', '2024-05-24 12:09:06'),
(218, 13, 1, 'function() {echo \"Hello, World!\"}', '2024-05-24 12:09:21'),
(219, 19, 2, 'o', '2024-05-24 12:29:24'),
(220, 19, 2, 'openheimer', '2024-05-24 12:29:33'),
(221, 13, 2, 'spam', '2024-05-24 12:29:36'),
(222, 13, 2, 'asd', '2024-05-24 12:29:37'),
(223, 13, 2, 'sadfsgs', '2024-05-24 12:29:38'),
(224, 13, 2, 'd', '2024-05-24 12:29:38'),
(225, 13, 2, 'sdfs', '2024-05-24 12:29:38'),
(226, 13, 2, 'gde', '2024-05-24 12:29:39'),
(227, 13, 2, 'es', '2024-05-24 12:29:39'),
(228, 13, 2, 'sf', '2024-05-24 12:29:39'),
(229, 13, 2, 'dsdf', '2024-05-24 12:29:40'),
(230, 13, 2, 'cvx', '2024-05-24 12:29:40'),
(231, 13, 2, 'x', '2024-05-24 12:29:40'),
(232, 13, 2, 'cv', '2024-05-24 12:29:41'),
(233, 13, 2, 's', '2024-05-24 12:29:41'),
(234, 13, 2, 'fds', '2024-05-24 12:29:41'),
(235, 13, 2, 'fs', '2024-05-24 12:29:41'),
(236, 13, 2, 'vcx', '2024-05-24 12:29:42'),
(237, 13, 2, 'xc', '2024-05-24 12:29:42'),
(238, 13, 2, 'f', '2024-05-24 12:29:43'),
(239, 13, 2, 'sdf', '2024-05-24 12:29:44'),
(240, 13, 2, 'sdfvc', '2024-05-24 12:29:44'),
(241, 13, 2, 'xx', '2024-05-24 12:29:45'),
(242, 19, 2, 'tryr', '2024-05-24 12:29:45'),
(243, 13, 2, 'cvx', '2024-05-24 12:29:45'),
(244, 19, 2, 'y', '2024-05-24 12:29:45'),
(245, 19, 2, 'y', '2024-05-24 12:29:45'),
(246, 13, 2, 'cv', '2024-05-24 12:29:45'),
(247, 19, 2, 'rty', '2024-05-24 12:29:45'),
(248, 19, 2, 'rt', '2024-05-24 12:29:45'),
(249, 13, 2, 'xcv', '2024-05-24 12:29:45'),
(250, 19, 2, 'ygf', '2024-05-24 12:29:46'),
(251, 19, 2, 'hgc', '2024-05-24 12:29:46'),
(252, 13, 2, 'xcv', '2024-05-24 12:29:46'),
(253, 19, 2, 'jhfg', '2024-05-24 12:29:46'),
(254, 19, 2, 'g', '2024-05-24 12:29:46'),
(255, 13, 2, 'xcv', '2024-05-24 12:29:46'),
(256, 19, 2, 'dh', '2024-05-24 12:29:46'),
(257, 13, 2, 's', '2024-05-24 12:29:46'),
(258, 19, 2, 'j', '2024-05-24 12:29:46'),
(259, 19, 2, 'gh', '2024-05-24 12:29:47'),
(260, 13, 2, 'f', '2024-05-24 12:29:47'),
(261, 19, 2, 'j', '2024-05-24 12:29:47'),
(262, 19, 2, 'gj', '2024-05-24 12:29:47'),
(263, 13, 2, 'sef', '2024-05-24 12:29:47'),
(264, 19, 2, 'fgh', '2024-05-24 12:29:47'),
(265, 13, 2, 'sefd', '2024-05-24 12:29:47'),
(266, 19, 2, 'fdg', '2024-05-24 12:29:47'),
(267, 19, 2, 'h', '2024-05-24 12:29:47'),
(268, 13, 2, 'sfs', '2024-05-24 12:29:48'),
(269, 13, 2, 'vxc', '2024-05-24 12:29:48'),
(270, 19, 2, '756', '2024-05-24 12:29:48'),
(271, 19, 2, '756', '2024-05-24 12:29:48'),
(272, 13, 2, 'vxc', '2024-05-24 12:29:48'),
(273, 19, 2, '756', '2024-05-24 12:29:48'),
(274, 19, 2, '756', '2024-05-24 12:29:49'),
(275, 13, 2, 'vxc', '2024-05-24 12:29:49'),
(276, 19, 2, '756', '2024-05-24 12:29:49'),
(277, 13, 2, 'vx', '2024-05-24 12:29:49'),
(278, 19, 2, '756', '2024-05-24 12:29:49'),
(279, 19, 2, '7', '2024-05-24 12:29:49'),
(280, 13, 2, 'v', '2024-05-24 12:29:49'),
(281, 19, 2, '567', '2024-05-24 12:29:49'),
(282, 19, 2, '567', '2024-05-24 12:29:49'),
(283, 13, 2, 'g', '2024-05-24 12:29:49'),
(284, 13, 2, 'g', '2024-05-24 12:29:50'),
(285, 19, 2, '7756', '2024-05-24 12:29:50'),
(286, 13, 2, 'sg', '2024-05-24 12:29:50'),
(287, 19, 2, '756', '2024-05-24 12:29:50'),
(288, 13, 2, 'fd', '2024-05-24 12:29:50'),
(289, 19, 2, '756', '2024-05-24 12:29:50'),
(290, 13, 2, 'hdf', '2024-05-24 12:29:51'),
(291, 19, 2, '7', '2024-05-24 12:29:51'),
(292, 19, 2, '567', '2024-05-24 12:29:51'),
(293, 13, 2, 'gjf', '2024-05-24 12:29:51'),
(294, 19, 2, '567', '2024-05-24 12:29:51'),
(295, 13, 2, 'jf', '2024-05-24 12:29:51'),
(296, 13, 2, 'gjgf', '2024-05-24 12:29:51'),
(297, 19, 2, 'hgh', '2024-05-24 12:29:52'),
(298, 13, 2, 'd', '2024-05-24 12:29:52'),
(299, 19, 2, 'g', '2024-05-24 12:29:52'),
(300, 13, 2, 'fdfg', '2024-05-24 12:29:52'),
(301, 19, 2, 'h', '2024-05-24 12:29:52'),
(302, 19, 2, 'h', '2024-05-24 12:29:52'),
(303, 13, 2, 'dg', '2024-05-24 12:29:52'),
(304, 19, 2, 'jk', '2024-05-24 12:29:52'),
(305, 19, 2, 'jh', '2024-05-24 12:29:53'),
(306, 19, 2, 'khjk', '2024-05-24 12:29:53'),
(307, 13, 2, 'dggd', '2024-05-24 12:29:53'),
(308, 19, 2, 'h', '2024-05-24 12:29:53'),
(309, 13, 2, 'g', '2024-05-24 12:29:53'),
(310, 19, 2, 'kh', '2024-05-24 12:29:53'),
(311, 19, 2, 'jk', '2024-05-24 12:29:53'),
(312, 13, 2, 'dg', '2024-05-24 12:29:53'),
(313, 13, 2, 'dfg', '2024-05-24 12:29:54'),
(314, 19, 2, 'hh', '2024-05-24 12:29:54'),
(315, 13, 2, 'dg', '2024-05-24 12:29:54'),
(316, 19, 2, 'g', '2024-05-24 12:29:54'),
(317, 19, 2, 'll', '2024-05-24 12:29:56'),
(318, 19, 2, 'lll', '2024-05-24 12:29:57'),
(319, 19, 2, 'kkk', '2024-05-24 12:29:58'),
(320, 19, 2, 'oooo', '2024-05-24 12:30:02'),
(321, 19, 2, 'mmmm', '2024-05-24 12:30:03'),
(322, 15, 1, 'function(){}', '2024-05-24 12:30:54'),
(323, 15, 2, 'Windowsawowentowane Linuxy', '2024-05-24 12:37:24'),
(324, 13, 2, 'unmożliwe', '2024-05-24 12:56:38'),
(325, 13, 2, 'możliwen\'t', '2024-05-24 12:56:41'),
(326, 13, 2, 'niemożliwe', '2024-05-24 12:56:53');

-- --------------------------------------------------------

--
-- Table structure for table `users`
--

CREATE TABLE `users` (
  `ID` int(10) UNSIGNED NOT NULL,
  `login` tinytext NOT NULL,
  `email` tinytext NOT NULL,
  `pass` tinytext NOT NULL
) ENGINE=InnoDB DEFAULT CHARSET=utf8mb3 COLLATE=utf8mb3_polish_ci;

--
-- Dumping data for table `users`
--

INSERT INTO `users` (`ID`, `login`, `email`, `pass`) VALUES
(13, 'Matieuu', 'zarski.mati@gmail.com', '$2y$10$/l6IWFQag.Q/OET85y/9veLR9uI/62KWQyj9N3mHaZ9G/wPX2KWp2'),
(14, 'root', 'root@example.com', '$2y$10$zBoMvZFrRcacMRNHOr5sgOpRh9b87GhdNNJxEkPhLnimMQ1a3x3AO'),
(15, 'akumulator', 'reroxtochuj@gmail.com', '$2y$10$rXviNKdw6VgQBX0muoXn/eJzQOStIGgJXxuGZlpxH3xND9/Idibnq'),
(18, 'stary', 'pkb46835@romog.com', '$2y$10$t1VhlFXlVX.S72F1TgT5feZixyrgGSgrJhv9v6TrXtPc.5ts0B06u'),
(19, 'Natli', 'nat@eu.pl', '$2y$10$jy1Im7XtPlRYcImbl3j/FOytKjn7e.abDkzCwy89FbTYitMlNOD3m');

--
-- Indexes for dumped tables
--

--
-- Indexes for table `chats`
--
ALTER TABLE `chats`
  ADD PRIMARY KEY (`ID`);

--
-- Indexes for table `mess`
--
ALTER TABLE `mess`
  ADD PRIMARY KEY (`ID`);

--
-- Indexes for table `users`
--
ALTER TABLE `users`
  ADD PRIMARY KEY (`ID`);

--
-- AUTO_INCREMENT for dumped tables
--

--
-- AUTO_INCREMENT for table `chats`
--
ALTER TABLE `chats`
  MODIFY `ID` int(10) UNSIGNED NOT NULL AUTO_INCREMENT, AUTO_INCREMENT=3;

--
-- AUTO_INCREMENT for table `mess`
--
ALTER TABLE `mess`
  MODIFY `ID` int(10) UNSIGNED NOT NULL AUTO_INCREMENT, AUTO_INCREMENT=327;

--
-- AUTO_INCREMENT for table `users`
--
ALTER TABLE `users`
  MODIFY `ID` int(10) UNSIGNED NOT NULL AUTO_INCREMENT, AUTO_INCREMENT=20;
COMMIT;

/*!40101 SET CHARACTER_SET_CLIENT=@OLD_CHARACTER_SET_CLIENT */;
/*!40101 SET CHARACTER_SET_RESULTS=@OLD_CHARACTER_SET_RESULTS */;
/*!40101 SET COLLATION_CONNECTION=@OLD_COLLATION_CONNECTION */;
